--
-- PostgreSQL database dump
--

-- Dumped from database version 17.0
-- Dumped by pg_dump version 17.0

-- Started on 2024-10-03 12:59:11

SET statement_timeout = 0;
SET lock_timeout = 0;
SET idle_in_transaction_session_timeout = 0;
SET transaction_timeout = 0;
SET client_encoding = 'UTF8';
SET standard_conforming_strings = on;
SELECT pg_catalog.set_config('search_path', '', false);
SET check_function_bodies = false;
SET xmloption = content;
SET client_min_messages = warning;
SET row_security = off;

--
-- TOC entry 217 (class 1259 OID 17403)
-- Name: inventario_seq; Type: SEQUENCE; Schema: public; Owner: postgres
--

CREATE SEQUENCE public.inventario_seq
    START WITH 1
    INCREMENT BY 50
    NO MINVALUE
    NO MAXVALUE
    CACHE 1;


ALTER SEQUENCE public.inventario_seq OWNER TO postgres;

SET default_tablespace = '';

SET default_table_access_method = heap;

--
-- TOC entry 222 (class 1259 OID 24757)
-- Name: mercancia; Type: TABLE; Schema: public; Owner: postgres
--

CREATE TABLE public.mercancia (
    cantidad integer NOT NULL,
    fecha_entrada date,
    fecha_modificacion date,
    id bigint NOT NULL,
    id_usuario bigint,
    usuario_modificacion bigint,
    nombre_producto character varying(255)
);


ALTER TABLE public.mercancia OWNER TO postgres;

--
-- TOC entry 221 (class 1259 OID 24756)
-- Name: mercancia_id_seq; Type: SEQUENCE; Schema: public; Owner: postgres
--

ALTER TABLE public.mercancia ALTER COLUMN id ADD GENERATED BY DEFAULT AS IDENTITY (
    SEQUENCE NAME public.mercancia_id_seq
    START WITH 1
    INCREMENT BY 1
    NO MINVALUE
    NO MAXVALUE
    CACHE 1
);


--
-- TOC entry 219 (class 1259 OID 24723)
-- Name: mercancia_seq; Type: SEQUENCE; Schema: public; Owner: postgres
--

CREATE SEQUENCE public.mercancia_seq
    START WITH 1
    INCREMENT BY 50
    NO MINVALUE
    NO MAXVALUE
    CACHE 1;


ALTER SEQUENCE public.mercancia_seq OWNER TO postgres;

--
-- TOC entry 218 (class 1259 OID 17404)
-- Name: productos_seq; Type: SEQUENCE; Schema: public; Owner: postgres
--

CREATE SEQUENCE public.productos_seq
    START WITH 1
    INCREMENT BY 50
    NO MINVALUE
    NO MAXVALUE
    CACHE 1;


ALTER SEQUENCE public.productos_seq OWNER TO postgres;

--
-- TOC entry 224 (class 1259 OID 24763)
-- Name: roles; Type: TABLE; Schema: public; Owner: postgres
--

CREATE TABLE public.roles (
    id bigint NOT NULL,
    nombre character varying(255)
);


ALTER TABLE public.roles OWNER TO postgres;

--
-- TOC entry 223 (class 1259 OID 24762)
-- Name: roles_id_seq; Type: SEQUENCE; Schema: public; Owner: postgres
--

ALTER TABLE public.roles ALTER COLUMN id ADD GENERATED BY DEFAULT AS IDENTITY (
    SEQUENCE NAME public.roles_id_seq
    START WITH 1
    INCREMENT BY 1
    NO MINVALUE
    NO MAXVALUE
    CACHE 1
);


--
-- TOC entry 226 (class 1259 OID 24769)
-- Name: usuarios; Type: TABLE; Schema: public; Owner: postgres
--

CREATE TABLE public.usuarios (
    edad integer NOT NULL,
    fecha_ingreso date,
    id bigint NOT NULL,
    id_rol bigint,
    nombre character varying(255)
);


ALTER TABLE public.usuarios OWNER TO postgres;

--
-- TOC entry 225 (class 1259 OID 24768)
-- Name: usuarios_id_seq; Type: SEQUENCE; Schema: public; Owner: postgres
--

ALTER TABLE public.usuarios ALTER COLUMN id ADD GENERATED BY DEFAULT AS IDENTITY (
    SEQUENCE NAME public.usuarios_id_seq
    START WITH 1
    INCREMENT BY 1
    NO MINVALUE
    NO MAXVALUE
    CACHE 1
);


--
-- TOC entry 220 (class 1259 OID 24724)
-- Name: usuarios_seq; Type: SEQUENCE; Schema: public; Owner: postgres
--

CREATE SEQUENCE public.usuarios_seq
    START WITH 1
    INCREMENT BY 50
    NO MINVALUE
    NO MAXVALUE
    CACHE 1;


ALTER SEQUENCE public.usuarios_seq OWNER TO postgres;

--
-- TOC entry 4868 (class 0 OID 24757)
-- Dependencies: 222
-- Data for Name: mercancia; Type: TABLE DATA; Schema: public; Owner: postgres
--

COPY public.mercancia (cantidad, fecha_entrada, fecha_modificacion, id, id_usuario, usuario_modificacion, nombre_producto) FROM stdin;
100	2024-10-02	2024-10-02	1	1	1	Bujía
50	2024-10-01	2024-10-01	2	1	1	Aceite de motor 5W30
30	2024-10-01	2024-10-01	3	1	1	Filtro de aire
100	2024-10-01	2024-10-01	4	2	1	Pastillas de freno delanteras
70	2024-10-01	2024-10-01	5	2	1	Batería de automóvil 12V
20	2024-10-01	2024-10-01	6	1	1	Líquido de frenos
25	2024-10-01	2024-10-01	7	1	1	Correa de distribución
60	2024-10-01	2024-10-01	8	2	1	Amortiguadores traseros
10	2024-10-01	2024-10-01	9	2	1	Radiador de refrigeración
15	2024-10-01	2024-10-01	10	1	1	Bujías de encendido
40	2024-10-01	2024-10-01	11	1	1	Neumáticos 205/55 R16
\.


--
-- TOC entry 4870 (class 0 OID 24763)
-- Dependencies: 224
-- Data for Name: roles; Type: TABLE DATA; Schema: public; Owner: postgres
--

COPY public.roles (id, nombre) FROM stdin;
1	Administrador
2	soporte
3	Asesor de ventas
\.


--
-- TOC entry 4872 (class 0 OID 24769)
-- Dependencies: 226
-- Data for Name: usuarios; Type: TABLE DATA; Schema: public; Owner: postgres
--

COPY public.usuarios (edad, fecha_ingreso, id, id_rol, nombre) FROM stdin;
30	2024-10-02	1	1	Juan Pérez
31	2024-11-02	2	2	Andres Ochoa
\.


--
-- TOC entry 4878 (class 0 OID 0)
-- Dependencies: 217
-- Name: inventario_seq; Type: SEQUENCE SET; Schema: public; Owner: postgres
--

SELECT pg_catalog.setval('public.inventario_seq', 1, false);


--
-- TOC entry 4879 (class 0 OID 0)
-- Dependencies: 221
-- Name: mercancia_id_seq; Type: SEQUENCE SET; Schema: public; Owner: postgres
--

SELECT pg_catalog.setval('public.mercancia_id_seq', 11, true);


--
-- TOC entry 4880 (class 0 OID 0)
-- Dependencies: 219
-- Name: mercancia_seq; Type: SEQUENCE SET; Schema: public; Owner: postgres
--

SELECT pg_catalog.setval('public.mercancia_seq', 1, false);


--
-- TOC entry 4881 (class 0 OID 0)
-- Dependencies: 218
-- Name: productos_seq; Type: SEQUENCE SET; Schema: public; Owner: postgres
--

SELECT pg_catalog.setval('public.productos_seq', 1, false);


--
-- TOC entry 4882 (class 0 OID 0)
-- Dependencies: 223
-- Name: roles_id_seq; Type: SEQUENCE SET; Schema: public; Owner: postgres
--

SELECT pg_catalog.setval('public.roles_id_seq', 3, true);


--
-- TOC entry 4883 (class 0 OID 0)
-- Dependencies: 225
-- Name: usuarios_id_seq; Type: SEQUENCE SET; Schema: public; Owner: postgres
--

SELECT pg_catalog.setval('public.usuarios_id_seq', 7, true);


--
-- TOC entry 4884 (class 0 OID 0)
-- Dependencies: 220
-- Name: usuarios_seq; Type: SEQUENCE SET; Schema: public; Owner: postgres
--

SELECT pg_catalog.setval('public.usuarios_seq', 1, false);


--
-- TOC entry 4710 (class 2606 OID 24761)
-- Name: mercancia mercancia_pkey; Type: CONSTRAINT; Schema: public; Owner: postgres
--

ALTER TABLE ONLY public.mercancia
    ADD CONSTRAINT mercancia_pkey PRIMARY KEY (id);


--
-- TOC entry 4712 (class 2606 OID 24767)
-- Name: roles roles_pkey; Type: CONSTRAINT; Schema: public; Owner: postgres
--

ALTER TABLE ONLY public.roles
    ADD CONSTRAINT roles_pkey PRIMARY KEY (id);


--
-- TOC entry 4714 (class 2606 OID 24773)
-- Name: usuarios usuarios_pkey; Type: CONSTRAINT; Schema: public; Owner: postgres
--

ALTER TABLE ONLY public.usuarios
    ADD CONSTRAINT usuarios_pkey PRIMARY KEY (id);


--
-- TOC entry 4717 (class 2606 OID 24784)
-- Name: usuarios fk3kl77pehgupicftwfreqnjkll; Type: FK CONSTRAINT; Schema: public; Owner: postgres
--

ALTER TABLE ONLY public.usuarios
    ADD CONSTRAINT fk3kl77pehgupicftwfreqnjkll FOREIGN KEY (id_rol) REFERENCES public.roles(id);


--
-- TOC entry 4715 (class 2606 OID 24779)
-- Name: mercancia fk7r4r5rgaqve3ad706u6ul06ui; Type: FK CONSTRAINT; Schema: public; Owner: postgres
--

ALTER TABLE ONLY public.mercancia
    ADD CONSTRAINT fk7r4r5rgaqve3ad706u6ul06ui FOREIGN KEY (usuario_modificacion) REFERENCES public.usuarios(id);


--
-- TOC entry 4716 (class 2606 OID 24774)
-- Name: mercancia fkmq8rwxdqcj7r0k6wkakg6dug1; Type: FK CONSTRAINT; Schema: public; Owner: postgres
--

ALTER TABLE ONLY public.mercancia
    ADD CONSTRAINT fkmq8rwxdqcj7r0k6wkakg6dug1 FOREIGN KEY (id_usuario) REFERENCES public.usuarios(id);


-- Completed on 2024-10-03 12:59:14

--
-- PostgreSQL database dump complete
--

